<?xml version="1.0" encoding="UTF-8" ?>
<XMLDB PATH="local/chatbot/db" VERSION="2024071600" COMMENT="Install XML for chatbot plugin" xmlns:xsi="http://www.w3.org/2001/XMLSchema-instance">
  <TABLES>
    <TABLE NAME="student_chatbots" COMMENT="Users enabled for chatbot">
      <FIELDS>
        <FIELD NAME="id" TYPE="int" LENGTH="10" NOTNULL="true" SEQUENCE="true"/>
        <FIELD NAME="userid" TYPE="int" LENGTH="10" NOTNULL="true"/>
        <FIELD NAME="enabled" TYPE="int" LENGTH="1" NOTNULL="true" DEFAULT="1"/>
        <FIELD NAME="remainingcredits" TYPE="int" LENGTH="10" NOTNULL="true" DEFAULT="0"/>
      </FIELDS>
      <KEYS>
        <KEY NAME="primary" TYPE="primary" FIELDS="id"/>
        <KEY NAME="userid_unique" TYPE="unique" FIELDS="userid"/>
      </KEYS>
    </TABLE>
  </TABLES>
</XMLDB>
